sex_m	handedness	sex	age_gt_twenty	age	age_before	age_not_rescaled_before	age_not_demeaned_before
1	right	M	1	21	0.1166423687039609	2	1.224744871391589
1	left	M	0	18	-0.05832118435198043	-1	1.049781318335648
0	NaN	F	1	46	1.574671977503471	27	2.6827744801911
0	left	F	0	10	-0.5248906591678238	-9	0.5832118435198043
0	right	F	0	n/a	-1.108102502687628	-19	0
