sex_m	handedness	sex	age_gt_twenty	age
1	right	M	1	-0.1769290758915169
1	left	M	0	-0.3699426132277172
0	NaN	F	1	1.431517068576819
0	left	F	0	-0.8846453794575845
0	right	F	0	n/a
